DeviceNumber,BatteryLife,Distribution
Device 1,50,1.543216257
Device 2,50,1.543216257
Device 3,50,1.543216257
Device 4,50,1.543216257
Device 5,50,1.543216257
Device 6,50,1.543216257
Device 7,50,1.543216257
Device 8,50,1.543216257
Device 9,50,1.543216257
Device 10,50,1.543216257
Device 11,50,1.543216257
Device 12,50,1.543216257
Device 13,50,1.543216257
Device 14,50,1.543216257
Device 15,49,0.001458398