DeviceNumber,BatteryLife,Distribution
Device 1,85,0.005636613
Device 2,85,0.005636613
Device 3,80,0.007487236
Device 4,70,0.011603702
Device 5,70,0.011603702
Device 6,60,0.015127357
Device 7,55,0.016187529
Device 8,50,0.016589028
Device 9,40,0.015302778
Device 10,40,0.015302778
Device 11,30,0.011874383
Device 12,30,0.011874383
Device 13,20,0.007750741
Device 14,20,0.007750741
Device 15,10,0.004255659

