produttore,numeroDevice,vitaMesi,distribuzione
produttoreA,2,85,0.005636613
produttoreA,1,80,0.007487236
produttoreA,2,70,0.011603702
produttoreA,1,60,0.015127357
produttoreA,1,55,0.016187529
produttoreA,1,50,0.016589028
produttoreA,2,40,0.015302778
produttoreA,2,30,0.011874383
produttoreA,2,20,0.007750741
produttoreA,1,10,0.004255659
produttoreB,14,50,1.543216257
produttoreB,1,49,0.001458398