sommaDado,distribuzione
1,0.000000000
2,0.027777778
3,0.055555556
4,0.083333333
5,0.111111111
6,0.138888889
7,0.166666667
8,0.138888889
9,0.111111111
10,0.083333333
11,0.055555556
12,0.027777778
13,0.000000000





