sommaDado,distribuzione
1,0.000000000
2,0.036144479
3,0.056685826
4,0.080441016
5,0.103288309
6,0.120003895
7,0.126156626
8,0.120003895
9,0.103288309
10,0.080441016
11,0.056685826
12,0.036144479
13,0.000000000





