DAY,TRAFFICO,CORRELAZIONE
0,100,-0.091130875
1,90,-0.559458483
2,80,0.007842876
3,80,-0.023386802
4,90,-0.534256028
5,60,0
6,40,0.997763984
7,105,0.059307187
8,95,-0.439640721
9,80,0.138966894
10,85,0.081598675
11,95,-0.508411162
12,60,-0.139555206
13,35,0.990327191
14,100,-0.093681332
15,90,-0.556577324
16,85,0.046904093
17,80,-0.024665033
18,90,-0.465895077
19,65,0.092442717
20,40,0.994600557
21,105,
22,90,
23,80,
24,85,
25,90,
26,55,
27,35,





